PersonID1,PersonID2,CompanyID,Category,Debt,CriminalRecord,Relation,RelationInt,Color,Size
EMP000011,EMP000009,COMP000002,Employee,0.0,False,Distant Family,2,0,1
EMP000009,EMP000011,COMP000002,Employee,0.0,False,Distant Family,2,0,1
EMP000013,EMP000011,COMP000002,Employee,0.0,False,Distant Family,2,0,1
EMP000011,EMP000013,COMP000002,Employee,0.0,False,Distant Family,2,0,1
EMP000027,EMP000022,COMP000004,Employee,0.0,False,Distant Family,2,0,1
EMP000022,EMP000027,COMP000004,Employee,0.0,False,Distant Family,2,0,1
EMP000029,EMP000053,COMP000005,Owner,0.0,False,Distant Family,2,0,3
EMP000053,EMP000029,COMP000005,Employee,0.0,False,Distant Family,2,0,1
EMP000037,EMP000042,COMP000005,Employee,0.0,False,Distant Family,2,0,1
EMP000042,EMP000037,COMP000005,Employee,0.0,False,Distant Family,2,0,1
EMP000043,EMP000046,COMP000005,Employee,0.0,False,Distant Family,2,0,1
EMP000046,EMP000043,COMP000005,Employee,0.0,False,Distant Family,2,0,1
EMP000050,EMP000048,COMP000005,Employee,0.0,False,Distant Family,2,0,1
EMP000048,EMP000050,COMP000005,Employee,0.0,False,Distant Family,2,0,1
EMP000062,EMP000038,COMP000005,Employee,0.0,False,Distant Family,2,0,1
EMP000038,EMP000062,COMP000005,Employee,0.0,False,Distant Family,2,0,1
EMP000084,EMP000080,COMP000006,Employee,75604.65,False,Distant Family,2,1,1
EMP000080,EMP000084,COMP000006,Employee,0.0,False,Distant Family,2,0,1
EMP000085,EMP000078,COMP000006,Employee,0.0,False,Distant Family,2,0,1
EMP000078,EMP000085,COMP000006,Employee,0.0,False,Distant Family,2,0,1
EMP000111,EMP000106,COMP000008,Employee,0.0,False,Distant Family,2,0,1
EMP000106,EMP000111,COMP000008,Employee,0.0,False,Distant Family,2,0,1
EMP000112,EMP000101,COMP000008,Employee,0.0,False,Distant Family,2,0,1
EMP000101,EMP000112,COMP000008,Employee,0.0,False,Distant Family,2,0,1
EMP000131,EMP000155,COMP000010,Employee,0.0,False,Distant Family,2,0,1
EMP000155,EMP000131,COMP000010,Employee,0.0,False,Distant Family,2,0,1
EMP000149,EMP000142,COMP000010,Employee,0.0,False,Distant Family,2,0,1
EMP000142,EMP000149,COMP000010,Employee,0.0,False,Distant Family,2,0,1
EMP000194,EMP000199,COMP000012,Employee,0.0,False,Distant Family,2,0,1
EMP000199,EMP000194,COMP000012,Employee,0.0,False,Distant Family,2,0,1
EMP000215,EMP000200,COMP000013,Employee,0.0,False,Close Family,1,0,1
EMP000200,EMP000215,COMP000013,Owner,0.0,False,Close Family,1,0,3
EMP000251,EMP000235,COMP000014,Employee,68823.17,False,Distant Family,2,1,1
EMP000235,EMP000251,COMP000014,Employee,0.0,False,Distant Family,2,0,1
EMP000259,EMP000274,COMP000015,Employee,0.0,False,Distant Family,2,0,1
EMP000274,EMP000259,COMP000015,Employee,0.0,True,Distant Family,2,2,1
EMP000260,EMP000272,COMP000015,Employee,0.0,False,Close Family,1,0,1
EMP000272,EMP000260,COMP000015,Employee,0.0,False,Close Family,1,0,1
EMP000280,EMP000281,COMP000016,Employee,136236.37,False,Close Family,1,1,1
EMP000281,EMP000280,COMP000016,Employee,64707.35,False,Close Family,1,1,1
EMP000340,CIT002647,COMP000016,Employee,61483.68,False,Close Family,1,1,1
CIT002647,EMP000340,COMP000016,Citizen,0.0,False,Close Family,1,0,0
EMP000376,EMP000382,COMP000017,Employee,0.0,False,Distant Family,2,0,1
EMP000382,EMP000376,COMP000017,Employee,0.0,False,Distant Family,2,0,1
EMP000380,EMP000483,COMP000017,Employee,0.0,False,Distant Family,2,0,1
EMP000483,EMP000380,COMP000017,Employee,0.0,False,Distant Family,2,0,1
EMP000409,EMP000378,COMP000017,Employee,0.0,False,Distant Family,2,0,1
EMP000378,EMP000409,COMP000017,Employee,0.0,False,Distant Family,2,0,1
EMP000430,EMP000439,COMP000017,Employee,0.0,False,Distant Family,2,0,1
EMP000439,EMP000430,COMP000017,Employee,0.0,False,Distant Family,2,0,1
EMP000449,EMP000422,COMP000017,Employee,0.0,False,Distant Family,2,0,1
EMP000422,EMP000449,COMP000017,Employee,0.0,False,Distant Family,2,0,1
EMP000508,EMP000507,COMP000018,Employee,81529.03,False,Close Family,1,1,1
EMP000507,EMP000508,COMP000018,Owner,331191.69,True,Close Family,1,2,3
EMP000507,CIT004347,COMP000018,Owner,331191.69,True,Close Family,1,2,3
CIT004347,EMP000507,COMP000018,Citizen,241503.59,False,Close Family,1,1,0
EMP000512,EMP000510,COMP000019,Employee,93504.94,False,Distant Family,2,1,1
EMP000510,EMP000512,COMP000019,Owner,0.0,False,Distant Family,2,0,3
EMP000530,EMP000573,COMP000021,Employee,0.0,False,Distant Family,2,0,1
EMP000573,EMP000530,COMP000021,Employee,0.0,False,Distant Family,2,0,1
EMP000541,EMP000621,COMP000021,Employee,0.0,False,Distant Family,2,0,1
EMP000621,EMP000541,COMP000021,Employee,0.0,False,Distant Family,2,0,1
EMP000566,EMP000547,COMP000021,Employee,0.0,False,Distant Family,2,0,1
EMP000547,EMP000566,COMP000021,Employee,0.0,False,Distant Family,2,0,1
EMP000576,EMP000616,COMP000021,Employee,0.0,False,Distant Family,2,0,1
EMP000616,EMP000576,COMP000021,Employee,0.0,False,Distant Family,2,0,1
EMP000577,EMP000583,COMP000021,Employee,0.0,False,Distant Family,2,0,1
EMP000583,EMP000577,COMP000021,Employee,0.0,False,Distant Family,2,0,1
EMP000580,EMP000594,COMP000021,Employee,0.0,False,Distant Family,2,0,1
EMP000594,EMP000580,COMP000021,Employee,0.0,False,Distant Family,2,0,1
EMP000591,EMP000540,COMP000021,Employee,0.0,False,Distant Family,2,0,1
EMP000540,EMP000591,COMP000021,Employee,0.0,False,Distant Family,2,0,1
EMP000604,EMP000576,COMP000021,Employee,0.0,False,Distant Family,2,0,1
EMP000576,EMP000604,COMP000021,Employee,0.0,False,Distant Family,2,0,1
EMP000607,EMP000620,COMP000021,Employee,0.0,False,Distant Family,2,0,1
EMP000620,EMP000607,COMP000021,Employee,0.0,False,Distant Family,2,0,1
EMP000610,EMP000548,COMP000021,Employee,0.0,False,Distant Family,2,0,1
EMP000548,EMP000610,COMP000021,Employee,0.0,False,Distant Family,2,0,1
EMP000620,EMP000528,COMP000021,Employee,0.0,False,Distant Family,2,0,1
EMP000528,EMP000620,COMP000021,Employee,0.0,False,Distant Family,2,0,1
EMP000633,EMP000650,COMP000022,Owner,331370.35,False,Close Family,1,1,3
EMP000650,EMP000633,COMP000022,Employee,243840.36,True,Close Family,1,2,1
EMP000632,EMP000633,COMP000022,Owner,360045.07,True,Close Family,1,2,3
EMP000633,EMP000632,COMP000022,Owner,331370.35,False,Close Family,1,1,3
EMP000639,CIT005456,COMP000022,Employee,262965.02,True,Close Family,1,2,1
CIT005456,EMP000639,COMP000022,Citizen,317825.88,False,Close Family,1,1,0
EMP000644,CIT005480,COMP000022,Employee,112070.42,True,Close Family,1,2,1
CIT005480,EMP000644,COMP000022,Citizen,128011.94,False,Close Family,1,1,0
EMP000671,EMP000665,COMP000023,Employee,0.0,False,Distant Family,2,0,1
EMP000665,EMP000671,COMP000023,Employee,0.0,False,Distant Family,2,0,1
EMP000679,EMP000681,COMP000023,Employee,0.0,False,Distant Family,2,0,1
EMP000681,EMP000679,COMP000023,Employee,0.0,False,Distant Family,2,0,1
EMP000726,EMP000706,COMP000024,Employee,0.0,False,Distant Family,2,0,1
EMP000706,EMP000726,COMP000024,Employee,0.0,False,Distant Family,2,0,1
EMP000750,EMP000748,COMP000025,Employee,0.0,False,Distant Family,2,0,1
EMP000748,EMP000750,COMP000025,Employee,0.0,False,Distant Family,2,0,1
EMP000763,EMP000757,COMP000025,Employee,0.0,False,Distant Family,2,0,1
EMP000757,EMP000763,COMP000025,Employee,0.0,False,Distant Family,2,0,1
EMP000853,EMP000849,COMP000027,Employee,196268.83,True,Close Family,1,2,1
EMP000849,EMP000853,COMP000027,Employee,138924.5,False,Close Family,1,1,1
EMP000870,EMP000853,COMP000027,Employee,268174.32,True,Close Family,1,2,1
EMP000853,EMP000870,COMP000027,Employee,196268.83,True,Close Family,1,2,1
EMP000888,CIT007202,COMP000027,Employee,293572.01,True,Close Family,1,2,1
CIT007202,EMP000888,COMP000027,Citizen,238288.6,False,Close Family,1,1,0
EMP000865,CIT007182,COMP000027,Employee,178895.26,False,Close Family,1,1,1
CIT007182,EMP000865,COMP000027,Citizen,237327.51,False,Close Family,1,1,0
EMP000918,EMP000903,COMP000028,Employee,208447.44,False,Close Family,1,1,1
EMP000903,EMP000918,COMP000028,Employee,148138.54,True,Close Family,1,2,1
EMP000925,EMP000918,COMP000028,Employee,298361.99,True,Close Family,1,2,1
EMP000918,EMP000925,COMP000028,Employee,208447.44,False,Close Family,1,1,1
EMP000915,CIT007947,COMP000028,Employee,245195.98,False,Close Family,1,1,1
CIT007947,EMP000915,COMP000028,Citizen,275662.33,False,Close Family,1,1,0
EMP000895,CIT007814,COMP000028,Owner,387846.61,False,Close Family,1,1,3
CIT007814,EMP000895,COMP000028,Citizen,0.0,False,Close Family,1,0,0
EMP000938,EMP000943,COMP000029,Employee,244414.19,False,Close Family,1,1,1
EMP000943,EMP000938,COMP000029,Employee,118598.13,False,Close Family,1,1,1
EMP000939,EMP000938,COMP000029,Employee,218608.87,False,Close Family,1,1,1
EMP000938,EMP000939,COMP000029,Employee,244414.19,False,Close Family,1,1,1
EMP000942,CIT008050,COMP000029,Employee,171098.6,False,Close Family,1,1,1
CIT008050,EMP000942,COMP000029,Citizen,260078.24,False,Close Family,1,1,0
EMP000938,CIT008037,COMP000029,Employee,244414.19,False,Close Family,1,1,1
CIT008037,EMP000938,COMP000029,Citizen,197136.77,False,Close Family,1,1,0
EMP000976,EMP000977,COMP000033,Employee,0.0,False,Distant Family,2,0,1
EMP000977,EMP000976,COMP000033,Employee,0.0,False,Distant Family,2,0,1
EMP000994,EMP001054,COMP000034,Employee,0.0,False,Distant Family,2,0,1
EMP001054,EMP000994,COMP000034,Employee,0.0,False,Distant Family,2,0,1
EMP000998,EMP001022,COMP000034,Employee,0.0,False,Distant Family,2,0,1
EMP001022,EMP000998,COMP000034,Employee,0.0,False,Distant Family,2,0,1
EMP001003,EMP001047,COMP000034,Employee,0.0,False,Distant Family,2,0,1
EMP001047,EMP001003,COMP000034,Employee,0.0,False,Distant Family,2,0,1
EMP001004,EMP000988,COMP000034,Employee,0.0,False,Distant Family,2,0,1
EMP000988,EMP001004,COMP000034,Employee,0.0,False,Distant Family,2,0,1
EMP001012,EMP001058,COMP000034,Employee,0.0,False,Distant Family,2,0,1
EMP001058,EMP001012,COMP000034,Employee,0.0,False,Distant Family,2,0,1
EMP001021,EMP001039,COMP000034,Employee,0.0,False,Distant Family,2,0,1
EMP001039,EMP001021,COMP000034,Employee,0.0,False,Distant Family,2,0,1
EMP001022,EMP001045,COMP000034,Employee,0.0,False,Distant Family,2,0,1
EMP001045,EMP001022,COMP000034,Employee,77987.78,False,Distant Family,2,1,1
EMP001062,EMP001032,COMP000034,Employee,0.0,False,Distant Family,2,0,1
EMP001032,EMP001062,COMP000034,Employee,0.0,False,Distant Family,2,0,1
EMP001063,EMP001039,COMP000034,Employee,0.0,False,Distant Family,2,0,1
EMP001039,EMP001063,COMP000034,Employee,0.0,False,Distant Family,2,0,1
EMP001068,EMP001065,COMP000035,Employee,238830.11,False,Close Family,1,1,1
EMP001065,EMP001068,COMP000035,Owner,352464.43,False,Close Family,1,1,3
EMP001067,EMP001068,COMP000035,Employee,155855.22,False,Close Family,1,1,1
EMP001068,EMP001067,COMP000035,Employee,238830.11,False,Close Family,1,1,1
EMP001068,CIT009135,COMP000035,Employee,238830.11,False,Close Family,1,1,1
CIT009135,EMP001068,COMP000035,Citizen,395444.9,False,Close Family,1,1,0
EMP001067,CIT009114,COMP000035,Employee,155855.22,False,Close Family,1,1,1
CIT009114,EMP001067,COMP000035,Citizen,320933.72,False,Close Family,1,1,0
EMP001076,EMP001069,COMP000036,Employee,0.0,False,Distant Family,2,0,1
EMP001069,EMP001076,COMP000036,Owner,0.0,False,Distant Family,2,0,3
EMP001094,EMP001106,COMP000037,Employee,0.0,False,Distant Family,2,0,1
EMP001106,EMP001094,COMP000037,Employee,0.0,False,Distant Family,2,0,1
EMP001108,EMP001112,COMP000037,Employee,0.0,False,Close Family,1,0,1
EMP001112,EMP001108,COMP000037,Employee,0.0,False,Close Family,1,0,1
EMP001138,EMP001205,COMP000040,Employee,0.0,False,Close Family,1,0,1
EMP001205,EMP001138,COMP000040,Employee,0.0,False,Close Family,1,0,1
EMP001195,EMP001200,COMP000040,Employee,0.0,False,Distant Family,2,0,1
EMP001200,EMP001195,COMP000040,Employee,0.0,False,Distant Family,2,0,1
EMP001202,EMP001197,COMP000040,Employee,0.0,False,Distant Family,2,0,1
EMP001197,EMP001202,COMP000040,Employee,0.0,False,Distant Family,2,0,1
EMP001207,EMP001154,COMP000040,Employee,0.0,False,Distant Family,2,0,1
EMP001154,EMP001207,COMP000040,Employee,0.0,False,Distant Family,2,0,1
EMP001241,EMP001243,COMP000040,Employee,0.0,False,Distant Family,2,0,1
EMP001243,EMP001241,COMP000040,Employee,0.0,False,Distant Family,2,0,1
EMP001282,EMP001136,COMP000040,Employee,0.0,False,Distant Family,2,0,1
EMP001136,EMP001282,COMP000040,Employee,0.0,False,Distant Family,2,0,1
EMP001285,EMP001261,COMP000040,Employee,0.0,False,Distant Family,2,0,1
EMP001261,EMP001285,COMP000040,Employee,0.0,False,Distant Family,2,0,1
EMP001334,EMP001310,COMP000041,Employee,0.0,False,Distant Family,2,0,1
EMP001310,EMP001334,COMP000041,Owner,0.0,False,Distant Family,2,0,3
EMP001365,EMP001396,COMP000042,Employee,0.0,False,Distant Family,2,0,1
EMP001396,EMP001365,COMP000042,Employee,0.0,False,Distant Family,2,0,1
EMP001377,EMP001365,COMP000042,Employee,50451.92,False,Distant Family,2,1,1
EMP001365,EMP001377,COMP000042,Employee,0.0,False,Distant Family,2,0,1
EMP001397,EMP001394,COMP000042,Employee,58761.09,False,Distant Family,2,1,1
EMP001394,EMP001397,COMP000042,Employee,0.0,False,Distant Family,2,0,1
EMP001424,EMP001450,COMP000044,Employee,0.0,False,Distant Family,2,0,1
EMP001450,EMP001424,COMP000044,Employee,0.0,False,Distant Family,2,0,1
EMP001430,EMP001443,COMP000044,Employee,0.0,False,Distant Family,2,0,1
EMP001443,EMP001430,COMP000044,Employee,0.0,False,Distant Family,2,0,1
EMP001490,EMP001487,COMP000047,Employee,0.0,False,Close Family,1,0,1
EMP001487,EMP001490,COMP000047,Employee,0.0,False,Close Family,1,0,1
EMP001494,EMP001471,COMP000047,Employee,0.0,False,Distant Family,2,0,1
EMP001471,EMP001494,COMP000047,Employee,0.0,False,Distant Family,2,0,1
EMP001510,EMP001508,COMP000048,Employee,0.0,False,Distant Family,2,0,1
EMP001508,EMP001510,COMP000048,Owner,0.0,False,Distant Family,2,0,3
EMP001511,EMP001512,COMP000049,Owner,0.0,False,Distant Family,2,0,3
EMP001512,EMP001511,COMP000049,Employee,0.0,False,Distant Family,2,0,1
EMP001516,EMP001520,COMP000050,Owner,0.0,False,Distant Family,2,0,3
EMP001520,EMP001516,COMP000050,Employee,0.0,False,Distant Family,2,0,1
EMP001518,EMP001517,COMP000050,Employee,79472.7,False,Distant Family,2,1,1
EMP001517,EMP001518,COMP000050,Employee,0.0,False,Distant Family,2,0,1
EMP001523,EMP001524,COMP000051,Employee,0.0,False,Distant Family,2,0,1
EMP001524,EMP001523,COMP000051,Employee,0.0,False,Distant Family,2,0,1
EMP001566,EMP001561,COMP000053,Employee,0.0,False,Distant Family,2,0,1
EMP001561,EMP001566,COMP000053,Employee,0.0,False,Distant Family,2,0,1
EMP001573,EMP001580,COMP000054,Employee,243747.92,False,Close Family,1,1,1
EMP001580,EMP001573,COMP000054,Employee,149070.46,True,Close Family,1,2,1
EMP001591,EMP001573,COMP000054,Employee,167441.32,True,Close Family,1,2,1
EMP001573,EMP001591,COMP000054,Employee,243747.92,False,Close Family,1,1,1
EMP001572,CIT013615,COMP000054,Employee,133056.9,True,Close Family,1,2,1
CIT013615,EMP001572,COMP000054,Citizen,110393.23,False,Close Family,1,1,0
EMP001589,CIT013741,COMP000054,Employee,206500.81,True,Close Family,1,2,1
CIT013741,EMP001589,COMP000054,Citizen,182317.66,False,Close Family,1,1,0
EMP001666,EMP001630,COMP000055,Employee,249636.78,False,Close Family,1,1,1
EMP001630,EMP001666,COMP000055,Employee,133976.2,True,Close Family,1,2,1
EMP001681,EMP001666,COMP000055,Employee,241479.4,False,Close Family,1,1,1
EMP001666,EMP001681,COMP000055,Employee,249636.78,False,Close Family,1,1,1
EMP001668,CIT014383,COMP000055,Employee,148299.3,True,Close Family,1,2,1
CIT014383,EMP001668,COMP000055,Citizen,234581.57,False,Close Family,1,1,0
EMP001607,CIT014209,COMP000055,Employee,177565.22,False,Close Family,1,1,1
CIT014209,EMP001607,COMP000055,Citizen,0.0,False,Close Family,1,0,0
EMP001734,EMP001719,COMP000057,Employee,0.0,False,Distant Family,2,0,1
EMP001719,EMP001734,COMP000057,Employee,0.0,False,Distant Family,2,0,1
EMP001747,EMP001756,COMP000057,Employee,0.0,False,Distant Family,2,0,1
EMP001756,EMP001747,COMP000057,Employee,0.0,False,Distant Family,2,0,1
EMP001750,EMP001757,COMP000057,Employee,0.0,False,Close Family,1,0,1
EMP001757,EMP001750,COMP000057,Employee,0.0,False,Close Family,1,0,1
EMP001752,EMP001747,COMP000057,Employee,0.0,False,Distant Family,2,0,1
EMP001747,EMP001752,COMP000057,Employee,0.0,False,Distant Family,2,0,1
EMP001860,EMP001827,COMP000058,Employee,0.0,False,Distant Family,2,0,1
EMP001827,EMP001860,COMP000058,Employee,0.0,False,Distant Family,2,0,1
EMP001878,EMP001879,COMP000059,Employee,0.0,False,Distant Family,2,0,1
EMP001879,EMP001878,COMP000059,Employee,0.0,False,Distant Family,2,0,1
EMP001906,EMP001905,COMP000061,Employee,0.0,False,Distant Family,2,0,1
EMP001905,EMP001906,COMP000061,Employee,0.0,False,Distant Family,2,0,1
EMP001936,EMP001965,COMP000062,Employee,0.0,False,Close Family,1,0,1
EMP001965,EMP001936,COMP000062,Employee,0.0,False,Close Family,1,0,1
EMP001951,EMP001926,COMP000062,Employee,0.0,False,Distant Family,2,0,1
EMP001926,EMP001951,COMP000062,Employee,0.0,False,Distant Family,2,0,1
EMP001952,EMP001972,COMP000062,Employee,0.0,False,Distant Family,2,0,1
EMP001972,EMP001952,COMP000062,Employee,0.0,False,Distant Family,2,0,1
EMP001976,EMP001907,COMP000062,Employee,0.0,False,Distant Family,2,0,1
EMP001907,EMP001976,COMP000062,Owner,0.0,False,Distant Family,2,0,3
EMP001984,EMP002062,COMP000064,Owner,0.0,False,Distant Family,2,0,3
EMP002062,EMP001984,COMP000064,Employee,0.0,False,Distant Family,2,0,1
EMP001987,EMP002041,COMP000064,Employee,0.0,False,Distant Family,2,0,1
EMP002041,EMP001987,COMP000064,Employee,0.0,False,Distant Family,2,0,1
EMP002007,EMP002008,COMP000064,Employee,0.0,False,Distant Family,2,0,1
EMP002008,EMP002007,COMP000064,Employee,0.0,False,Distant Family,2,0,1
EMP002087,EMP002217,COMP000065,Employee,0.0,False,Distant Family,2,0,1
EMP002217,EMP002087,COMP000065,Employee,0.0,False,Distant Family,2,0,1
EMP002114,EMP002123,COMP000065,Employee,0.0,False,Distant Family,2,0,1
EMP002123,EMP002114,COMP000065,Employee,91024.38,False,Distant Family,2,1,1
EMP002142,EMP002134,COMP000065,Employee,0.0,False,Close Family,1,0,1
EMP002134,EMP002142,COMP000065,Employee,0.0,False,Close Family,1,0,1
EMP002207,EMP002209,COMP000065,Employee,0.0,False,Distant Family,2,0,1
EMP002209,EMP002207,COMP000065,Employee,0.0,False,Distant Family,2,0,1
EMP002226,EMP002112,COMP000065,Employee,57689.19,False,Distant Family,2,1,1
EMP002112,EMP002226,COMP000065,Employee,70271.14,False,Distant Family,2,1,1
EMP002228,EMP002202,COMP000065,Employee,0.0,False,Distant Family,2,0,1
EMP002202,EMP002228,COMP000065,Employee,0.0,False,Distant Family,2,0,1
EMP002248,EMP002284,COMP000068,Employee,0.0,False,Distant Family,2,0,1
EMP002284,EMP002248,COMP000068,Employee,0.0,False,Distant Family,2,0,1
EMP002250,EMP002284,COMP000068,Employee,0.0,False,Distant Family,2,0,1
EMP002284,EMP002250,COMP000068,Employee,0.0,False,Distant Family,2,0,1
EMP002308,EMP002315,COMP000070,Employee,498720.34,True,Close Family,1,2,1
EMP002315,EMP002308,COMP000070,Employee,220281.42,False,Close Family,1,1,1
EMP002294,EMP002291,COMP000070,Employee,492733.65,True,Close Family,1,2,1
EMP002291,EMP002294,COMP000070,Employee,289481.74,False,Close Family,1,1,1
EMP002312,EMP002308,COMP000070,Employee,200068.11,False,Close Family,1,1,1
EMP002308,EMP002312,COMP000070,Employee,498720.34,True,Close Family,1,2,1
EMP002290,CIT027457,COMP000070,Owner,624395.89,False,Close Family,1,1,3
CIT027457,EMP002290,COMP000070,Citizen,0.0,False,Close Family,1,0,0
EMP002312,CIT027712,COMP000070,Employee,200068.11,False,Close Family,1,1,1
CIT027712,EMP002312,COMP000070,Citizen,364478.63,False,Close Family,1,1,0
EMP002306,CIT027512,COMP000070,Employee,425634.3,False,Close Family,1,1,1
CIT027512,EMP002306,COMP000070,Citizen,222838.22,False,Close Family,1,1,0
EMP000280,SIPA000039,COMP000016,Employee,136236.37,False,Close Family,1,1,1
SIPA000039,EMP000280,COMP000016,SIP Approver,0.0,True,Close Family,1,2,2
EMP000508,SIPA000008,COMP000018,Employee,81529.03,False,Close Family,1,1,1
SIPA000008,EMP000508,COMP000018,SIP Approver,69590.54,False,Close Family,1,1,2
EMP001067,SIPA000037,COMP000035,Employee,155855.22,False,Close Family,1,1,1
SIPA000037,EMP001067,COMP000035,SIP Approver,0.0,False,Close Family,1,0,2
EMP001573,SIPA000024,COMP000054,Employee,243747.92,False,Close Family,1,1,1
SIPA000024,EMP001573,COMP000054,SIP Approver,0.0,False,Close Family,1,0,2
EMP000632,SIPA000042,COMP000022,Owner,360045.07,True,Close Family,1,2,3
SIPA000042,EMP000632,COMP000022,SIP Approver,0.0,False,Close Family,1,0,2
EMP001668,SIPA000055,COMP000055,Employee,148299.3,True,Close Family,1,2,1
SIPA000055,EMP001668,COMP000055,SIP Approver,58954.75,False,Close Family,1,1,2
EMP000895,SIPA000020,COMP000028,Owner,387846.61,False,Close Family,1,1,3
SIPA000020,EMP000895,COMP000028,SIP Approver,0.0,False,Close Family,1,0,2
EMP000942,SIPA000010,COMP000029,Employee,171098.6,False,Close Family,1,1,1
SIPA000010,EMP000942,COMP000029,SIP Approver,0.0,False,Close Family,1,0,2
EMP002312,SIPA000041,COMP000070,Employee,200068.11,False,Close Family,1,1,1
SIPA000041,EMP002312,COMP000070,SIP Approver,0.0,False,Close Family,1,0,2
EMP000853,SIPA000050,COMP000027,Employee,196268.83,True,Close Family,1,2,1
SIPA000050,EMP000853,COMP000027,SIP Approver,0.0,False,Close Family,1,0,2
COMP000002,EMP000011,COMP000002,Company,0.0,False,Company,3,3,4
EMP000011,COMP000002,COMP000002,Employee,0.0,False,Company,3,0,1
COMP000002,EMP000009,COMP000002,Company,0.0,False,Company,3,3,4
EMP000009,COMP000002,COMP000002,Employee,0.0,False,Company,3,0,1
COMP000002,EMP000013,COMP000002,Company,0.0,False,Company,3,3,4
EMP000013,COMP000002,COMP000002,Employee,0.0,False,Company,3,0,1
COMP000004,EMP000027,COMP000004,Company,0.0,False,Company,3,3,4
EMP000027,COMP000004,COMP000004,Employee,0.0,False,Company,3,0,1
COMP000004,EMP000022,COMP000004,Company,0.0,False,Company,3,3,4
EMP000022,COMP000004,COMP000004,Employee,0.0,False,Company,3,0,1
COMP000005,EMP000029,COMP000005,Company,0.0,False,Company,3,3,4
EMP000029,COMP000005,COMP000005,Owner,0.0,False,Company,3,0,3
COMP000005,EMP000053,COMP000005,Company,0.0,False,Company,3,3,4
EMP000053,COMP000005,COMP000005,Employee,0.0,False,Company,3,0,1
COMP000005,EMP000037,COMP000005,Company,0.0,False,Company,3,3,4
EMP000037,COMP000005,COMP000005,Employee,0.0,False,Company,3,0,1
COMP000005,EMP000042,COMP000005,Company,0.0,False,Company,3,3,4
EMP000042,COMP000005,COMP000005,Employee,0.0,False,Company,3,0,1
COMP000005,EMP000043,COMP000005,Company,0.0,False,Company,3,3,4
EMP000043,COMP000005,COMP000005,Employee,0.0,False,Company,3,0,1
COMP000005,EMP000046,COMP000005,Company,0.0,False,Company,3,3,4
EMP000046,COMP000005,COMP000005,Employee,0.0,False,Company,3,0,1
COMP000005,EMP000050,COMP000005,Company,0.0,False,Company,3,3,4
EMP000050,COMP000005,COMP000005,Employee,0.0,False,Company,3,0,1
COMP000005,EMP000048,COMP000005,Company,0.0,False,Company,3,3,4
EMP000048,COMP000005,COMP000005,Employee,0.0,False,Company,3,0,1
COMP000005,EMP000062,COMP000005,Company,0.0,False,Company,3,3,4
EMP000062,COMP000005,COMP000005,Employee,0.0,False,Company,3,0,1
COMP000005,EMP000038,COMP000005,Company,0.0,False,Company,3,3,4
EMP000038,COMP000005,COMP000005,Employee,0.0,False,Company,3,0,1
COMP000006,EMP000084,COMP000006,Company,75604.65,False,Company,3,3,4
EMP000084,COMP000006,COMP000006,Employee,75604.65,False,Company,3,1,1
COMP000006,EMP000080,COMP000006,Company,75604.65,False,Company,3,3,4
EMP000080,COMP000006,COMP000006,Employee,0.0,False,Company,3,0,1
COMP000006,EMP000085,COMP000006,Company,75604.65,False,Company,3,3,4
EMP000085,COMP000006,COMP000006,Employee,0.0,False,Company,3,0,1
COMP000006,EMP000078,COMP000006,Company,75604.65,False,Company,3,3,4
EMP000078,COMP000006,COMP000006,Employee,0.0,False,Company,3,0,1
COMP000008,EMP000111,COMP000008,Company,0.0,False,Company,3,3,4
EMP000111,COMP000008,COMP000008,Employee,0.0,False,Company,3,0,1
COMP000008,EMP000106,COMP000008,Company,0.0,False,Company,3,3,4
EMP000106,COMP000008,COMP000008,Employee,0.0,False,Company,3,0,1
COMP000008,EMP000112,COMP000008,Company,0.0,False,Company,3,3,4
EMP000112,COMP000008,COMP000008,Employee,0.0,False,Company,3,0,1
COMP000008,EMP000101,COMP000008,Company,0.0,False,Company,3,3,4
EMP000101,COMP000008,COMP000008,Employee,0.0,False,Company,3,0,1
COMP000010,EMP000131,COMP000010,Company,0.0,False,Company,3,3,4
EMP000131,COMP000010,COMP000010,Employee,0.0,False,Company,3,0,1
COMP000010,EMP000155,COMP000010,Company,0.0,False,Company,3,3,4
EMP000155,COMP000010,COMP000010,Employee,0.0,False,Company,3,0,1
COMP000010,EMP000149,COMP000010,Company,0.0,False,Company,3,3,4
EMP000149,COMP000010,COMP000010,Employee,0.0,False,Company,3,0,1
COMP000010,EMP000142,COMP000010,Company,0.0,False,Company,3,3,4
EMP000142,COMP000010,COMP000010,Employee,0.0,False,Company,3,0,1
COMP000012,EMP000194,COMP000012,Company,0.0,False,Company,3,3,4
EMP000194,COMP000012,COMP000012,Employee,0.0,False,Company,3,0,1
COMP000012,EMP000199,COMP000012,Company,0.0,False,Company,3,3,4
EMP000199,COMP000012,COMP000012,Employee,0.0,False,Company,3,0,1
COMP000013,EMP000215,COMP000013,Company,0.0,False,Company,3,3,4
EMP000215,COMP000013,COMP000013,Employee,0.0,False,Company,3,0,1
COMP000013,EMP000200,COMP000013,Company,0.0,False,Company,3,3,4
EMP000200,COMP000013,COMP000013,Owner,0.0,False,Company,3,0,3
COMP000014,EMP000251,COMP000014,Company,68823.17,False,Company,3,3,4
EMP000251,COMP000014,COMP000014,Employee,68823.17,False,Company,3,1,1
COMP000014,EMP000235,COMP000014,Company,68823.17,False,Company,3,3,4
EMP000235,COMP000014,COMP000014,Employee,0.0,False,Company,3,0,1
COMP000015,EMP000259,COMP000015,Company,0.0,False,Company,3,3,4
EMP000259,COMP000015,COMP000015,Employee,0.0,False,Company,3,0,1
COMP000015,EMP000274,COMP000015,Company,0.0,False,Company,3,3,4
EMP000274,COMP000015,COMP000015,Employee,0.0,True,Company,3,2,1
COMP000015,EMP000260,COMP000015,Company,0.0,False,Company,3,3,4
EMP000260,COMP000015,COMP000015,Employee,0.0,False,Company,3,0,1
COMP000015,EMP000272,COMP000015,Company,0.0,False,Company,3,3,4
EMP000272,COMP000015,COMP000015,Employee,0.0,False,Company,3,0,1
COMP000016,EMP000280,COMP000016,Company,262427.4,False,Company,3,3,4
EMP000280,COMP000016,COMP000016,Employee,136236.37,False,Company,3,1,1
COMP000016,EMP000281,COMP000016,Company,262427.4,False,Company,3,3,4
EMP000281,COMP000016,COMP000016,Employee,64707.35,False,Company,3,1,1
COMP000016,EMP000340,COMP000016,Company,262427.4,False,Company,3,3,4
EMP000340,COMP000016,COMP000016,Employee,61483.68,False,Company,3,1,1
COMP000017,EMP000376,COMP000017,Company,0.0,False,Company,3,3,4
EMP000376,COMP000017,COMP000017,Employee,0.0,False,Company,3,0,1
COMP000017,EMP000382,COMP000017,Company,0.0,False,Company,3,3,4
EMP000382,COMP000017,COMP000017,Employee,0.0,False,Company,3,0,1
COMP000017,EMP000380,COMP000017,Company,0.0,False,Company,3,3,4
EMP000380,COMP000017,COMP000017,Employee,0.0,False,Company,3,0,1
COMP000017,EMP000483,COMP000017,Company,0.0,False,Company,3,3,4
EMP000483,COMP000017,COMP000017,Employee,0.0,False,Company,3,0,1
COMP000017,EMP000409,COMP000017,Company,0.0,False,Company,3,3,4
EMP000409,COMP000017,COMP000017,Employee,0.0,False,Company,3,0,1
COMP000017,EMP000378,COMP000017,Company,0.0,False,Company,3,3,4
EMP000378,COMP000017,COMP000017,Employee,0.0,False,Company,3,0,1
COMP000017,EMP000430,COMP000017,Company,0.0,False,Company,3,3,4
EMP000430,COMP000017,COMP000017,Employee,0.0,False,Company,3,0,1
COMP000017,EMP000439,COMP000017,Company,0.0,False,Company,3,3,4
EMP000439,COMP000017,COMP000017,Employee,0.0,False,Company,3,0,1
COMP000017,EMP000449,COMP000017,Company,0.0,False,Company,3,3,4
EMP000449,COMP000017,COMP000017,Employee,0.0,False,Company,3,0,1
COMP000017,EMP000422,COMP000017,Company,0.0,False,Company,3,3,4
EMP000422,COMP000017,COMP000017,Employee,0.0,False,Company,3,0,1
COMP000018,EMP000508,COMP000018,Company,412720.72,False,Company,3,3,4
EMP000508,COMP000018,COMP000018,Employee,81529.03,False,Company,3,1,1
COMP000018,EMP000507,COMP000018,Company,412720.72,False,Company,3,3,4
EMP000507,COMP000018,COMP000018,Owner,331191.69,True,Company,3,2,3
COMP000019,EMP000512,COMP000019,Company,93504.94,False,Company,3,3,4
EMP000512,COMP000019,COMP000019,Employee,93504.94,False,Company,3,1,1
COMP000019,EMP000510,COMP000019,Company,93504.94,False,Company,3,3,4
EMP000510,COMP000019,COMP000019,Owner,0.0,False,Company,3,0,3
COMP000021,EMP000530,COMP000021,Company,0.0,False,Company,3,3,4
EMP000530,COMP000021,COMP000021,Employee,0.0,False,Company,3,0,1
COMP000021,EMP000573,COMP000021,Company,0.0,False,Company,3,3,4
EMP000573,COMP000021,COMP000021,Employee,0.0,False,Company,3,0,1
COMP000021,EMP000541,COMP000021,Company,0.0,False,Company,3,3,4
EMP000541,COMP000021,COMP000021,Employee,0.0,False,Company,3,0,1
COMP000021,EMP000621,COMP000021,Company,0.0,False,Company,3,3,4
EMP000621,COMP000021,COMP000021,Employee,0.0,False,Company,3,0,1
COMP000021,EMP000566,COMP000021,Company,0.0,False,Company,3,3,4
EMP000566,COMP000021,COMP000021,Employee,0.0,False,Company,3,0,1
COMP000021,EMP000547,COMP000021,Company,0.0,False,Company,3,3,4
EMP000547,COMP000021,COMP000021,Employee,0.0,False,Company,3,0,1
COMP000021,EMP000576,COMP000021,Company,0.0,False,Company,3,3,4
EMP000576,COMP000021,COMP000021,Employee,0.0,False,Company,3,0,1
COMP000021,EMP000616,COMP000021,Company,0.0,False,Company,3,3,4
EMP000616,COMP000021,COMP000021,Employee,0.0,False,Company,3,0,1
COMP000021,EMP000577,COMP000021,Company,0.0,False,Company,3,3,4
EMP000577,COMP000021,COMP000021,Employee,0.0,False,Company,3,0,1
COMP000021,EMP000583,COMP000021,Company,0.0,False,Company,3,3,4
EMP000583,COMP000021,COMP000021,Employee,0.0,False,Company,3,0,1
COMP000021,EMP000580,COMP000021,Company,0.0,False,Company,3,3,4
EMP000580,COMP000021,COMP000021,Employee,0.0,False,Company,3,0,1
COMP000021,EMP000594,COMP000021,Company,0.0,False,Company,3,3,4
EMP000594,COMP000021,COMP000021,Employee,0.0,False,Company,3,0,1
COMP000021,EMP000591,COMP000021,Company,0.0,False,Company,3,3,4
EMP000591,COMP000021,COMP000021,Employee,0.0,False,Company,3,0,1
COMP000021,EMP000540,COMP000021,Company,0.0,False,Company,3,3,4
EMP000540,COMP000021,COMP000021,Employee,0.0,False,Company,3,0,1
COMP000021,EMP000604,COMP000021,Company,0.0,False,Company,3,3,4
EMP000604,COMP000021,COMP000021,Employee,0.0,False,Company,3,0,1
COMP000021,EMP000607,COMP000021,Company,0.0,False,Company,3,3,4
EMP000607,COMP000021,COMP000021,Employee,0.0,False,Company,3,0,1
COMP000021,EMP000620,COMP000021,Company,0.0,False,Company,3,3,4
EMP000620,COMP000021,COMP000021,Employee,0.0,False,Company,3,0,1
COMP000021,EMP000610,COMP000021,Company,0.0,False,Company,3,3,4
EMP000610,COMP000021,COMP000021,Employee,0.0,False,Company,3,0,1
COMP000021,EMP000548,COMP000021,Company,0.0,False,Company,3,3,4
EMP000548,COMP000021,COMP000021,Employee,0.0,False,Company,3,0,1
COMP000021,EMP000528,COMP000021,Company,0.0,False,Company,3,3,4
EMP000528,COMP000021,COMP000021,Employee,0.0,False,Company,3,0,1
COMP000022,EMP000633,COMP000022,Company,1310291.2199999997,False,Company,3,3,4
EMP000633,COMP000022,COMP000022,Owner,331370.35,False,Company,3,1,3
COMP000022,EMP000650,COMP000022,Company,1310291.2199999997,False,Company,3,3,4
EMP000650,COMP000022,COMP000022,Employee,243840.36,True,Company,3,2,1
COMP000022,EMP000632,COMP000022,Company,1310291.2199999997,False,Company,3,3,4
EMP000632,COMP000022,COMP000022,Owner,360045.07,True,Company,3,2,3
COMP000022,EMP000639,COMP000022,Company,1310291.2199999997,False,Company,3,3,4
EMP000639,COMP000022,COMP000022,Employee,262965.02,True,Company,3,2,1
COMP000022,EMP000644,COMP000022,Company,1310291.2199999997,False,Company,3,3,4
EMP000644,COMP000022,COMP000022,Employee,112070.42,True,Company,3,2,1
COMP000023,EMP000671,COMP000023,Company,0.0,False,Company,3,3,4
EMP000671,COMP000023,COMP000023,Employee,0.0,False,Company,3,0,1
COMP000023,EMP000665,COMP000023,Company,0.0,False,Company,3,3,4
EMP000665,COMP000023,COMP000023,Employee,0.0,False,Company,3,0,1
COMP000023,EMP000679,COMP000023,Company,0.0,False,Company,3,3,4
EMP000679,COMP000023,COMP000023,Employee,0.0,False,Company,3,0,1
COMP000023,EMP000681,COMP000023,Company,0.0,False,Company,3,3,4
EMP000681,COMP000023,COMP000023,Employee,0.0,False,Company,3,0,1
COMP000024,EMP000726,COMP000024,Company,0.0,False,Company,3,3,4
EMP000726,COMP000024,COMP000024,Employee,0.0,False,Company,3,0,1
COMP000024,EMP000706,COMP000024,Company,0.0,False,Company,3,3,4
EMP000706,COMP000024,COMP000024,Employee,0.0,False,Company,3,0,1
COMP000025,EMP000750,COMP000025,Company,0.0,False,Company,3,3,4
EMP000750,COMP000025,COMP000025,Employee,0.0,False,Company,3,0,1
COMP000025,EMP000748,COMP000025,Company,0.0,False,Company,3,3,4
EMP000748,COMP000025,COMP000025,Employee,0.0,False,Company,3,0,1
COMP000025,EMP000763,COMP000025,Company,0.0,False,Company,3,3,4
EMP000763,COMP000025,COMP000025,Employee,0.0,False,Company,3,0,1
COMP000025,EMP000757,COMP000025,Company,0.0,False,Company,3,3,4
EMP000757,COMP000025,COMP000025,Employee,0.0,False,Company,3,0,1
COMP000027,EMP000853,COMP000027,Company,1075834.92,False,Company,3,3,4
EMP000853,COMP000027,COMP000027,Employee,196268.83,True,Company,3,2,1
COMP000027,EMP000849,COMP000027,Company,1075834.92,False,Company,3,3,4
EMP000849,COMP000027,COMP000027,Employee,138924.5,False,Company,3,1,1
COMP000027,EMP000870,COMP000027,Company,1075834.92,False,Company,3,3,4
EMP000870,COMP000027,COMP000027,Employee,268174.32,True,Company,3,2,1
COMP000027,EMP000888,COMP000027,Company,1075834.92,False,Company,3,3,4
EMP000888,COMP000027,COMP000027,Employee,293572.01,True,Company,3,2,1
COMP000027,EMP000865,COMP000027,Company,1075834.92,False,Company,3,3,4
EMP000865,COMP000027,COMP000027,Employee,178895.26,False,Company,3,1,1
COMP000028,EMP000918,COMP000028,Company,1287990.56,False,Company,3,3,4
EMP000918,COMP000028,COMP000028,Employee,208447.44,False,Company,3,1,1
COMP000028,EMP000903,COMP000028,Company,1287990.56,False,Company,3,3,4
EMP000903,COMP000028,COMP000028,Employee,148138.54,True,Company,3,2,1
COMP000028,EMP000925,COMP000028,Company,1287990.56,False,Company,3,3,4
EMP000925,COMP000028,COMP000028,Employee,298361.99,True,Company,3,2,1
COMP000028,EMP000915,COMP000028,Company,1287990.56,False,Company,3,3,4
EMP000915,COMP000028,COMP000028,Employee,245195.98,False,Company,3,1,1
COMP000028,EMP000895,COMP000028,Company,1287990.56,False,Company,3,3,4
EMP000895,COMP000028,COMP000028,Owner,387846.61,False,Company,3,1,3
COMP000029,EMP000938,COMP000029,Company,752719.79,False,Company,3,3,4
EMP000938,COMP000029,COMP000029,Employee,244414.19,False,Company,3,1,1
COMP000029,EMP000943,COMP000029,Company,752719.79,False,Company,3,3,4
EMP000943,COMP000029,COMP000029,Employee,118598.13,False,Company,3,1,1
COMP000029,EMP000939,COMP000029,Company,752719.79,False,Company,3,3,4
EMP000939,COMP000029,COMP000029,Employee,218608.87,False,Company,3,1,1
COMP000029,EMP000942,COMP000029,Company,752719.79,False,Company,3,3,4
EMP000942,COMP000029,COMP000029,Employee,171098.6,False,Company,3,1,1
COMP000033,EMP000976,COMP000033,Company,0.0,False,Company,3,3,4
EMP000976,COMP000033,COMP000033,Employee,0.0,False,Company,3,0,1
COMP000033,EMP000977,COMP000033,Company,0.0,False,Company,3,3,4
EMP000977,COMP000033,COMP000033,Employee,0.0,False,Company,3,0,1
COMP000034,EMP000994,COMP000034,Company,77987.78,False,Company,3,3,4
EMP000994,COMP000034,COMP000034,Employee,0.0,False,Company,3,0,1
COMP000034,EMP001054,COMP000034,Company,77987.78,False,Company,3,3,4
EMP001054,COMP000034,COMP000034,Employee,0.0,False,Company,3,0,1
COMP000034,EMP000998,COMP000034,Company,77987.78,False,Company,3,3,4
EMP000998,COMP000034,COMP000034,Employee,0.0,False,Company,3,0,1
COMP000034,EMP001022,COMP000034,Company,77987.78,False,Company,3,3,4
EMP001022,COMP000034,COMP000034,Employee,0.0,False,Company,3,0,1
COMP000034,EMP001003,COMP000034,Company,77987.78,False,Company,3,3,4
EMP001003,COMP000034,COMP000034,Employee,0.0,False,Company,3,0,1
COMP000034,EMP001047,COMP000034,Company,77987.78,False,Company,3,3,4
EMP001047,COMP000034,COMP000034,Employee,0.0,False,Company,3,0,1
COMP000034,EMP001004,COMP000034,Company,77987.78,False,Company,3,3,4
EMP001004,COMP000034,COMP000034,Employee,0.0,False,Company,3,0,1
COMP000034,EMP000988,COMP000034,Company,77987.78,False,Company,3,3,4
EMP000988,COMP000034,COMP000034,Employee,0.0,False,Company,3,0,1
COMP000034,EMP001012,COMP000034,Company,77987.78,False,Company,3,3,4
EMP001012,COMP000034,COMP000034,Employee,0.0,False,Company,3,0,1
COMP000034,EMP001058,COMP000034,Company,77987.78,False,Company,3,3,4
EMP001058,COMP000034,COMP000034,Employee,0.0,False,Company,3,0,1
COMP000034,EMP001021,COMP000034,Company,77987.78,False,Company,3,3,4
EMP001021,COMP000034,COMP000034,Employee,0.0,False,Company,3,0,1
COMP000034,EMP001039,COMP000034,Company,77987.78,False,Company,3,3,4
EMP001039,COMP000034,COMP000034,Employee,0.0,False,Company,3,0,1
COMP000034,EMP001045,COMP000034,Company,77987.78,False,Company,3,3,4
EMP001045,COMP000034,COMP000034,Employee,77987.78,False,Company,3,1,1
COMP000034,EMP001062,COMP000034,Company,77987.78,False,Company,3,3,4
EMP001062,COMP000034,COMP000034,Employee,0.0,False,Company,3,0,1
COMP000034,EMP001032,COMP000034,Company,77987.78,False,Company,3,3,4
EMP001032,COMP000034,COMP000034,Employee,0.0,False,Company,3,0,1
COMP000034,EMP001063,COMP000034,Company,77987.78,False,Company,3,3,4
EMP001063,COMP000034,COMP000034,Employee,0.0,False,Company,3,0,1
COMP000035,EMP001068,COMP000035,Company,747149.76,False,Company,3,3,4
EMP001068,COMP000035,COMP000035,Employee,238830.11,False,Company,3,1,1
COMP000035,EMP001065,COMP000035,Company,747149.76,False,Company,3,3,4
EMP001065,COMP000035,COMP000035,Owner,352464.43,False,Company,3,1,3
COMP000035,EMP001067,COMP000035,Company,747149.76,False,Company,3,3,4
EMP001067,COMP000035,COMP000035,Employee,155855.22,False,Company,3,1,1
COMP000036,EMP001076,COMP000036,Company,0.0,False,Company,3,3,4
EMP001076,COMP000036,COMP000036,Employee,0.0,False,Company,3,0,1
COMP000036,EMP001069,COMP000036,Company,0.0,False,Company,3,3,4
EMP001069,COMP000036,COMP000036,Owner,0.0,False,Company,3,0,3
COMP000037,EMP001094,COMP000037,Company,0.0,False,Company,3,3,4
EMP001094,COMP000037,COMP000037,Employee,0.0,False,Company,3,0,1
COMP000037,EMP001106,COMP000037,Company,0.0,False,Company,3,3,4
EMP001106,COMP000037,COMP000037,Employee,0.0,False,Company,3,0,1
COMP000037,EMP001108,COMP000037,Company,0.0,False,Company,3,3,4
EMP001108,COMP000037,COMP000037,Employee,0.0,False,Company,3,0,1
COMP000037,EMP001112,COMP000037,Company,0.0,False,Company,3,3,4
EMP001112,COMP000037,COMP000037,Employee,0.0,False,Company,3,0,1
COMP000040,EMP001138,COMP000040,Company,0.0,False,Company,3,3,4
EMP001138,COMP000040,COMP000040,Employee,0.0,False,Company,3,0,1
COMP000040,EMP001205,COMP000040,Company,0.0,False,Company,3,3,4
EMP001205,COMP000040,COMP000040,Employee,0.0,False,Company,3,0,1
COMP000040,EMP001195,COMP000040,Company,0.0,False,Company,3,3,4
EMP001195,COMP000040,COMP000040,Employee,0.0,False,Company,3,0,1
COMP000040,EMP001200,COMP000040,Company,0.0,False,Company,3,3,4
EMP001200,COMP000040,COMP000040,Employee,0.0,False,Company,3,0,1
COMP000040,EMP001202,COMP000040,Company,0.0,False,Company,3,3,4
EMP001202,COMP000040,COMP000040,Employee,0.0,False,Company,3,0,1
COMP000040,EMP001197,COMP000040,Company,0.0,False,Company,3,3,4
EMP001197,COMP000040,COMP000040,Employee,0.0,False,Company,3,0,1
COMP000040,EMP001207,COMP000040,Company,0.0,False,Company,3,3,4
EMP001207,COMP000040,COMP000040,Employee,0.0,False,Company,3,0,1
COMP000040,EMP001154,COMP000040,Company,0.0,False,Company,3,3,4
EMP001154,COMP000040,COMP000040,Employee,0.0,False,Company,3,0,1
COMP000040,EMP001241,COMP000040,Company,0.0,False,Company,3,3,4
EMP001241,COMP000040,COMP000040,Employee,0.0,False,Company,3,0,1
COMP000040,EMP001243,COMP000040,Company,0.0,False,Company,3,3,4
EMP001243,COMP000040,COMP000040,Employee,0.0,False,Company,3,0,1
COMP000040,EMP001282,COMP000040,Company,0.0,False,Company,3,3,4
EMP001282,COMP000040,COMP000040,Employee,0.0,False,Company,3,0,1
COMP000040,EMP001136,COMP000040,Company,0.0,False,Company,3,3,4
EMP001136,COMP000040,COMP000040,Employee,0.0,False,Company,3,0,1
COMP000040,EMP001285,COMP000040,Company,0.0,False,Company,3,3,4
EMP001285,COMP000040,COMP000040,Employee,0.0,False,Company,3,0,1
COMP000040,EMP001261,COMP000040,Company,0.0,False,Company,3,3,4
EMP001261,COMP000040,COMP000040,Employee,0.0,False,Company,3,0,1
COMP000041,EMP001334,COMP000041,Company,0.0,False,Company,3,3,4
EMP001334,COMP000041,COMP000041,Employee,0.0,False,Company,3,0,1
COMP000041,EMP001310,COMP000041,Company,0.0,False,Company,3,3,4
EMP001310,COMP000041,COMP000041,Owner,0.0,False,Company,3,0,3
COMP000042,EMP001365,COMP000042,Company,109213.01,False,Company,3,3,4
EMP001365,COMP000042,COMP000042,Employee,0.0,False,Company,3,0,1
COMP000042,EMP001396,COMP000042,Company,109213.01,False,Company,3,3,4
EMP001396,COMP000042,COMP000042,Employee,0.0,False,Company,3,0,1
COMP000042,EMP001377,COMP000042,Company,109213.01,False,Company,3,3,4
EMP001377,COMP000042,COMP000042,Employee,50451.92,False,Company,3,1,1
COMP000042,EMP001397,COMP000042,Company,109213.01,False,Company,3,3,4
EMP001397,COMP000042,COMP000042,Employee,58761.09,False,Company,3,1,1
COMP000042,EMP001394,COMP000042,Company,109213.01,False,Company,3,3,4
EMP001394,COMP000042,COMP000042,Employee,0.0,False,Company,3,0,1
COMP000044,EMP001424,COMP000044,Company,0.0,False,Company,3,3,4
EMP001424,COMP000044,COMP000044,Employee,0.0,False,Company,3,0,1
COMP000044,EMP001450,COMP000044,Company,0.0,False,Company,3,3,4
EMP001450,COMP000044,COMP000044,Employee,0.0,False,Company,3,0,1
COMP000044,EMP001430,COMP000044,Company,0.0,False,Company,3,3,4
EMP001430,COMP000044,COMP000044,Employee,0.0,False,Company,3,0,1
COMP000044,EMP001443,COMP000044,Company,0.0,False,Company,3,3,4
EMP001443,COMP000044,COMP000044,Employee,0.0,False,Company,3,0,1
COMP000047,EMP001490,COMP000047,Company,0.0,False,Company,3,3,4
EMP001490,COMP000047,COMP000047,Employee,0.0,False,Company,3,0,1
COMP000047,EMP001487,COMP000047,Company,0.0,False,Company,3,3,4
EMP001487,COMP000047,COMP000047,Employee,0.0,False,Company,3,0,1
COMP000047,EMP001494,COMP000047,Company,0.0,False,Company,3,3,4
EMP001494,COMP000047,COMP000047,Employee,0.0,False,Company,3,0,1
COMP000047,EMP001471,COMP000047,Company,0.0,False,Company,3,3,4
EMP001471,COMP000047,COMP000047,Employee,0.0,False,Company,3,0,1
COMP000048,EMP001510,COMP000048,Company,0.0,False,Company,3,3,4
EMP001510,COMP000048,COMP000048,Employee,0.0,False,Company,3,0,1
COMP000048,EMP001508,COMP000048,Company,0.0,False,Company,3,3,4
EMP001508,COMP000048,COMP000048,Owner,0.0,False,Company,3,0,3
COMP000049,EMP001511,COMP000049,Company,0.0,False,Company,3,3,4
EMP001511,COMP000049,COMP000049,Owner,0.0,False,Company,3,0,3
COMP000049,EMP001512,COMP000049,Company,0.0,False,Company,3,3,4
EMP001512,COMP000049,COMP000049,Employee,0.0,False,Company,3,0,1
COMP000050,EMP001516,COMP000050,Company,79472.7,False,Company,3,3,4
EMP001516,COMP000050,COMP000050,Owner,0.0,False,Company,3,0,3
COMP000050,EMP001520,COMP000050,Company,79472.7,False,Company,3,3,4
EMP001520,COMP000050,COMP000050,Employee,0.0,False,Company,3,0,1
COMP000050,EMP001518,COMP000050,Company,79472.7,False,Company,3,3,4
EMP001518,COMP000050,COMP000050,Employee,79472.7,False,Company,3,1,1
COMP000050,EMP001517,COMP000050,Company,79472.7,False,Company,3,3,4
EMP001517,COMP000050,COMP000050,Employee,0.0,False,Company,3,0,1
COMP000051,EMP001523,COMP000051,Company,0.0,False,Company,3,3,4
EMP001523,COMP000051,COMP000051,Employee,0.0,False,Company,3,0,1
COMP000051,EMP001524,COMP000051,Company,0.0,False,Company,3,3,4
EMP001524,COMP000051,COMP000051,Employee,0.0,False,Company,3,0,1
COMP000053,EMP001566,COMP000053,Company,0.0,False,Company,3,3,4
EMP001566,COMP000053,COMP000053,Employee,0.0,False,Company,3,0,1
COMP000053,EMP001561,COMP000053,Company,0.0,False,Company,3,3,4
EMP001561,COMP000053,COMP000053,Employee,0.0,False,Company,3,0,1
COMP000054,EMP001573,COMP000054,Company,899817.4100000001,False,Company,3,3,4
EMP001573,COMP000054,COMP000054,Employee,243747.92,False,Company,3,1,1
COMP000054,EMP001580,COMP000054,Company,899817.4100000001,False,Company,3,3,4
EMP001580,COMP000054,COMP000054,Employee,149070.46,True,Company,3,2,1
COMP000054,EMP001591,COMP000054,Company,899817.4100000001,False,Company,3,3,4
EMP001591,COMP000054,COMP000054,Employee,167441.32,True,Company,3,2,1
COMP000054,EMP001572,COMP000054,Company,899817.4100000001,False,Company,3,3,4
EMP001572,COMP000054,COMP000054,Employee,133056.9,True,Company,3,2,1
COMP000054,EMP001589,COMP000054,Company,899817.4100000001,False,Company,3,3,4
EMP001589,COMP000054,COMP000054,Employee,206500.81,True,Company,3,2,1
COMP000055,EMP001666,COMP000055,Company,950956.9,False,Company,3,3,4
EMP001666,COMP000055,COMP000055,Employee,249636.78,False,Company,3,1,1
COMP000055,EMP001630,COMP000055,Company,950956.9,False,Company,3,3,4
EMP001630,COMP000055,COMP000055,Employee,133976.2,True,Company,3,2,1
COMP000055,EMP001681,COMP000055,Company,950956.9,False,Company,3,3,4
EMP001681,COMP000055,COMP000055,Employee,241479.4,False,Company,3,1,1
COMP000055,EMP001668,COMP000055,Company,950956.9,False,Company,3,3,4
EMP001668,COMP000055,COMP000055,Employee,148299.3,True,Company,3,2,1
COMP000055,EMP001607,COMP000055,Company,950956.9,False,Company,3,3,4
EMP001607,COMP000055,COMP000055,Employee,177565.22,False,Company,3,1,1
COMP000057,EMP001734,COMP000057,Company,0.0,False,Company,3,3,4
EMP001734,COMP000057,COMP000057,Employee,0.0,False,Company,3,0,1
COMP000057,EMP001719,COMP000057,Company,0.0,False,Company,3,3,4
EMP001719,COMP000057,COMP000057,Employee,0.0,False,Company,3,0,1
COMP000057,EMP001747,COMP000057,Company,0.0,False,Company,3,3,4
EMP001747,COMP000057,COMP000057,Employee,0.0,False,Company,3,0,1
COMP000057,EMP001756,COMP000057,Company,0.0,False,Company,3,3,4
EMP001756,COMP000057,COMP000057,Employee,0.0,False,Company,3,0,1
COMP000057,EMP001750,COMP000057,Company,0.0,False,Company,3,3,4
EMP001750,COMP000057,COMP000057,Employee,0.0,False,Company,3,0,1
COMP000057,EMP001757,COMP000057,Company,0.0,False,Company,3,3,4
EMP001757,COMP000057,COMP000057,Employee,0.0,False,Company,3,0,1
COMP000057,EMP001752,COMP000057,Company,0.0,False,Company,3,3,4
EMP001752,COMP000057,COMP000057,Employee,0.0,False,Company,3,0,1
COMP000058,EMP001860,COMP000058,Company,0.0,False,Company,3,3,4
EMP001860,COMP000058,COMP000058,Employee,0.0,False,Company,3,0,1
COMP000058,EMP001827,COMP000058,Company,0.0,False,Company,3,3,4
EMP001827,COMP000058,COMP000058,Employee,0.0,False,Company,3,0,1
COMP000059,EMP001878,COMP000059,Company,0.0,False,Company,3,3,4
EMP001878,COMP000059,COMP000059,Employee,0.0,False,Company,3,0,1
COMP000059,EMP001879,COMP000059,Company,0.0,False,Company,3,3,4
EMP001879,COMP000059,COMP000059,Employee,0.0,False,Company,3,0,1
COMP000061,EMP001906,COMP000061,Company,0.0,False,Company,3,3,4
EMP001906,COMP000061,COMP000061,Employee,0.0,False,Company,3,0,1
COMP000061,EMP001905,COMP000061,Company,0.0,False,Company,3,3,4
EMP001905,COMP000061,COMP000061,Employee,0.0,False,Company,3,0,1
COMP000062,EMP001936,COMP000062,Company,0.0,False,Company,3,3,4
EMP001936,COMP000062,COMP000062,Employee,0.0,False,Company,3,0,1
COMP000062,EMP001965,COMP000062,Company,0.0,False,Company,3,3,4
EMP001965,COMP000062,COMP000062,Employee,0.0,False,Company,3,0,1
COMP000062,EMP001951,COMP000062,Company,0.0,False,Company,3,3,4
EMP001951,COMP000062,COMP000062,Employee,0.0,False,Company,3,0,1
COMP000062,EMP001926,COMP000062,Company,0.0,False,Company,3,3,4
EMP001926,COMP000062,COMP000062,Employee,0.0,False,Company,3,0,1
COMP000062,EMP001952,COMP000062,Company,0.0,False,Company,3,3,4
EMP001952,COMP000062,COMP000062,Employee,0.0,False,Company,3,0,1
COMP000062,EMP001972,COMP000062,Company,0.0,False,Company,3,3,4
EMP001972,COMP000062,COMP000062,Employee,0.0,False,Company,3,0,1
COMP000062,EMP001976,COMP000062,Company,0.0,False,Company,3,3,4
EMP001976,COMP000062,COMP000062,Employee,0.0,False,Company,3,0,1
COMP000062,EMP001907,COMP000062,Company,0.0,False,Company,3,3,4
EMP001907,COMP000062,COMP000062,Owner,0.0,False,Company,3,0,3
COMP000064,EMP001984,COMP000064,Company,0.0,False,Company,3,3,4
EMP001984,COMP000064,COMP000064,Owner,0.0,False,Company,3,0,3
COMP000064,EMP002062,COMP000064,Company,0.0,False,Company,3,3,4
EMP002062,COMP000064,COMP000064,Employee,0.0,False,Company,3,0,1
COMP000064,EMP001987,COMP000064,Company,0.0,False,Company,3,3,4
EMP001987,COMP000064,COMP000064,Employee,0.0,False,Company,3,0,1
COMP000064,EMP002041,COMP000064,Company,0.0,False,Company,3,3,4
EMP002041,COMP000064,COMP000064,Employee,0.0,False,Company,3,0,1
COMP000064,EMP002007,COMP000064,Company,0.0,False,Company,3,3,4
EMP002007,COMP000064,COMP000064,Employee,0.0,False,Company,3,0,1
COMP000064,EMP002008,COMP000064,Company,0.0,False,Company,3,3,4
EMP002008,COMP000064,COMP000064,Employee,0.0,False,Company,3,0,1
COMP000065,EMP002087,COMP000065,Company,218984.71000000002,False,Company,3,3,4
EMP002087,COMP000065,COMP000065,Employee,0.0,False,Company,3,0,1
COMP000065,EMP002217,COMP000065,Company,218984.71000000002,False,Company,3,3,4
EMP002217,COMP000065,COMP000065,Employee,0.0,False,Company,3,0,1
COMP000065,EMP002114,COMP000065,Company,218984.71000000002,False,Company,3,3,4
EMP002114,COMP000065,COMP000065,Employee,0.0,False,Company,3,0,1
COMP000065,EMP002123,COMP000065,Company,218984.71000000002,False,Company,3,3,4
EMP002123,COMP000065,COMP000065,Employee,91024.38,False,Company,3,1,1
COMP000065,EMP002142,COMP000065,Company,218984.71000000002,False,Company,3,3,4
EMP002142,COMP000065,COMP000065,Employee,0.0,False,Company,3,0,1
COMP000065,EMP002134,COMP000065,Company,218984.71000000002,False,Company,3,3,4
EMP002134,COMP000065,COMP000065,Employee,0.0,False,Company,3,0,1
COMP000065,EMP002207,COMP000065,Company,218984.71000000002,False,Company,3,3,4
EMP002207,COMP000065,COMP000065,Employee,0.0,False,Company,3,0,1
COMP000065,EMP002209,COMP000065,Company,218984.71000000002,False,Company,3,3,4
EMP002209,COMP000065,COMP000065,Employee,0.0,False,Company,3,0,1
COMP000065,EMP002226,COMP000065,Company,218984.71000000002,False,Company,3,3,4
EMP002226,COMP000065,COMP000065,Employee,57689.19,False,Company,3,1,1
COMP000065,EMP002112,COMP000065,Company,218984.71000000002,False,Company,3,3,4
EMP002112,COMP000065,COMP000065,Employee,70271.14,False,Company,3,1,1
COMP000065,EMP002228,COMP000065,Company,218984.71000000002,False,Company,3,3,4
EMP002228,COMP000065,COMP000065,Employee,0.0,False,Company,3,0,1
COMP000065,EMP002202,COMP000065,Company,218984.71000000002,False,Company,3,3,4
EMP002202,COMP000065,COMP000065,Employee,0.0,False,Company,3,0,1
COMP000068,EMP002248,COMP000068,Company,0.0,False,Company,3,3,4
EMP002248,COMP000068,COMP000068,Employee,0.0,False,Company,3,0,1
COMP000068,EMP002284,COMP000068,Company,0.0,False,Company,3,3,4
EMP002284,COMP000068,COMP000068,Employee,0.0,False,Company,3,0,1
COMP000068,EMP002250,COMP000068,Company,0.0,False,Company,3,3,4
EMP002250,COMP000068,COMP000068,Employee,0.0,False,Company,3,0,1
COMP000070,EMP002308,COMP000070,Company,2751315.4499999997,False,Company,3,3,4
EMP002308,COMP000070,COMP000070,Employee,498720.34,True,Company,3,2,1
COMP000070,EMP002315,COMP000070,Company,2751315.4499999997,False,Company,3,3,4
EMP002315,COMP000070,COMP000070,Employee,220281.42,False,Company,3,1,1
COMP000070,EMP002294,COMP000070,Company,2751315.4499999997,False,Company,3,3,4
EMP002294,COMP000070,COMP000070,Employee,492733.65,True,Company,3,2,1
COMP000070,EMP002291,COMP000070,Company,2751315.4499999997,False,Company,3,3,4
EMP002291,COMP000070,COMP000070,Employee,289481.74,False,Company,3,1,1
COMP000070,EMP002312,COMP000070,Company,2751315.4499999997,False,Company,3,3,4
EMP002312,COMP000070,COMP000070,Employee,200068.11,False,Company,3,1,1
COMP000070,EMP002290,COMP000070,Company,2751315.4499999997,False,Company,3,3,4
EMP002290,COMP000070,COMP000070,Owner,624395.89,False,Company,3,1,3
COMP000070,EMP002306,COMP000070,Company,2751315.4499999997,False,Company,3,3,4
EMP002306,COMP000070,COMP000070,Employee,425634.3,False,Company,3,1,1
